code,city,lat,lon,hasLab,osm_dist_wwtp_m,osm_dist_farmland_m,osm_urban_frac_2km,osm_nearest_wwtp_name,distanceToSewageStations,distChampCulture,urbanPct2000m,healthRiskScore,scaledPathogenRisk,scaledFecalRisk,scaledArgRisk
C1,Coimbra,40.19787,-8.42865,True,3265.3,374.2,0.2293,Estação de Tratamento de Águas Residuais do Choupal,4297.1,374.62,19.85,0.2199,0.0746,0.2477,0.3374
C2,Coimbra,40.22483,-8.44135,True,581.5,339.2,0.1465,Estação de Tratamento de Águas Residuais do Choupal,761.69,780.94,14.36,0.4221,0.507,0.5072,0.2522
C3,Coimbra,40.19307,-8.41945,True,2508.2,189.5,0.1576,ETAR de Torres do Mondego,3283.61,189.88,13.33,0.2436,0.2973,0.2051,0.2283
C4,Coimbra,40.25289,-8.43659,True,3197.5,1423.5,0.1509,Estação de Tratamento de Águas Residuais do Choupal,4211.41,1424.49,19.61,0.0748,0.0496,0.1409,0.0339
C5,Coimbra,40.2186,-8.42733,True,1830.9,293.1,0.2293,Estação de Tratamento de Águas Residuais do Choupal,2398.28,294.16,26.86,0.7822,1.0,1.0,0.3465
C6,Coimbra,40.21942,-8.43772,True,974.0,630.8,0.163,Estação de Tratamento de Águas Residuais do Choupal,1276.96,631.56,20.1,0.5952,0.7351,0.6664,0.3841
C7,Coimbra,40.22243,-8.40165,True,3452.6,251.3,0.2069,ETAR de Torres do Mondego,4548.51,252.24,20.55,0.2504,0.1783,0.5702,0.0027
C8,Coimbra,40.19133,-8.46002,True,3170.9,1172.9,0.1696,Estação de Tratamento de Águas Residuais de Ribeira de Frades,4162.64,1210.98,13.55,0.4279,0.406,0.4457,0.432
C9,Coimbra,40.27702,-8.4272,True,5752.6,433.7,0.1045,,7577.9,1330.08,9.46,0.1964,0.1265,0.1443,0.3186
C10,Coimbra,40.19776,-8.41773,True,2432.9,65.9,0.2444,ETAR de Torres do Mondego,3186.25,66.09,17.16,0.1851,0.05,0.4146,0.0906
C11,Coimbra,40.22752,-8.43757,True,986.9,357.7,0.1479,Estação de Tratamento de Águas Residuais do Choupal,1293.19,645.21,16.33,0.1278,0.0509,0.187,0.1456
C12,Coimbra,40.20386,-8.45302,True,2165.0,6.9,0.1297,Estação de Tratamento de Águas Residuais do Choupal,2815.42,242.6,15.08,0.5324,0.4217,0.8051,0.3704
C13,Coimbra,40.11106,-8.49052,True,1230.9,258.3,0.0362,,1620.21,7796.3,0.43,0.2165,0.1499,0.2287,0.2708
C14,Coimbra,40.16719,-8.47817,True,4529.8,3123.5,0.1266,,5954.39,3128.16,13.06,0.2243,0.2241,0.1143,0.3343
C15,Coimbra,40.17943,-8.42117,True,3013.7,30.0,0.0814,ETAR de Torres do Mondego,3951.15,30.06,4.69,0.3449,0.3791,0.3851,0.2706
C16,Coimbra,40.22461,-8.44304,True,436.9,200.7,0.14,Estação de Tratamento de Águas Residuais do Choupal,572.3,794.04,13.01,0.3534,0.5063,0.2531,0.3008
C17,Coimbra,40.17422,-8.39363,False,1982.9,142.8,0.0899,,,,,,,,
C18,Coimbra,40.25621,-8.45312,False,3256.0,742.2,0.0896,Estação de Tratamento de Águas Residuais do Choupal,,,,,,,
C19,Coimbra,40.24812,-8.41159,True,4050.5,2880.0,0.1347,Estação de Tratamento de Águas Residuais do Choupal,5317.67,2889.97,13.7,0.4367,0.3044,0.4625,0.5433
C20,Coimbra,40.21085,-8.47667,True,1026.1,16.5,0.045,Estação de Tratamento de Águas Residuais de Ribeira de Frades,1343.43,16.51,6.78,0.3304,0.2243,0.2044,0.5623
G2,Ghent,50.85943,3.79794,True,3294.9,118.4,0.2471,,14149.11,14862.73,0.0,0.2861,0.1242,0.2672,0.4669
G6,Ghent,50.87579,3.75151,True,90.8,58.9,0.1297,,11388.61,11967.51,0.0,0.2201,0.1738,0.3113,0.175
G8,Ghent,50.87971,3.73771,True,945.3,198.6,0.1225,,11210.37,11305.96,0.0,0.2161,0.0993,0.2305,0.3183
G9,Ghent,50.87366,3.73125,True,1238.6,26.0,0.1121,,12474.01,11882.2,0.0,0.3553,0.1492,0.3966,0.5202
G10,Ghent,50.88344,3.71431,True,2600.7,10.2,0.1279,,10957.77,10662.19,0.0,0.1677,0.0248,0.1193,0.3591
G22,Ghent,50.88527,3.692821,True,4092.3,22.0,0.0934,,9351.09,10453.12,0.0,0.1858,0.1501,0.2921,0.1152
G11,Ghent,50.88437,3.68791,True,4398.6,49.3,0.0877,,9244.24,10581.36,0.0,0.2251,0.1253,0.2544,0.2956
G12,Ghent,50.88541,3.68606,True,4552.8,83.3,0.0855,,8990.99,10480.01,0.0,0.225,0.0995,0.2129,0.3624
G13,Ghent,50.97958,3.72241,True,1602.0,284.2,0.2806,,2544.36,912.85,29.35,0.2102,0.0752,0.2104,0.345
G14,Ghent,50.99821,3.73925,True,898.3,224.0,0.4346,RWZI Merelbeke,1431.57,1210.26,43.92,0.1563,0.0,0.1323,0.3366
G15,Ghent,50.98975,3.80615,True,619.0,94.7,0.2144,RWZI Melle,986.25,5228.22,23.07,0.2244,0.0513,0.1673,0.4544
G16,Ghent,50.99491,3.80568,True,484.4,462.7,0.2534,RWZI Melle,769.32,4687.17,31.1,0.3117,0.2484,0.2897,0.3971
G17,Ghent,51.02678,3.77389,False,2623.4,790.7,0.4513,RWZI Destelbergen,,,,,,,
G18,Ghent,51.05458,3.68126,False,10.2,672.3,0.3177,RWZI Gent,,,,,,,
G1,Ghent,50.94744,3.8168,False,2920.5,86.5,0.1483,RWZI Oosterzele,,,,,,,
G4,Ghent,50.87507,3.80222,True,3572.2,116.9,0.3232,,11551.6,13479.55,0.0,0.2363,0.0503,0.1824,0.4763
G21,Ghent,50.89162,3.81558,True,3447.8,28.8,0.2402,,9354.99,12504.6,0.0,0.2896,0.0499,0.3255,0.4933
G5,Ghent,50.87539,3.74917,True,32.2,217.5,0.1274,,11522.22,11965.29,0.0,0.2392,0.0496,0.3549,0.313
G19,Ghent,51.02843,3.786,False,2534.3,350.0,0.3914,RWZI Destelbergen,,,,,,,
G20,Ghent,51.0939,3.71687,False,1292.7,419.0,0.6566,RWZI Evergem,,,,,,,
G3,Ghent,50.87604,3.75174,True,122.6,44.6,0.1313,,11339.64,11945.38,0.0,0.1971,0.1004,0.3096,0.1812
G7,Ghent,50.86216,3.76577,True,1739.8,90.0,0.0899,,13507.31,13714.22,0.0,0.1936,0.0746,0.2452,0.261
T21,Toulouse,43.59278,1.34767,False,2029.6,1075.7,0.7669,Eau de Toulouse - Site de Tournefeuille,,,,,,,
T24,Toulouse,43.59604,1.36671,False,3146.1,1423.6,0.7234,Eau de Toulouse - Site de Tournefeuille,,,,,,,
T1,Toulouse,43.55267,1.49147,True,1576.7,8.5,0.5072,Station d'épuration,2189.89,1335.6,53.64,0.4039,0.4012,0.532,0.2785
T3,Toulouse,43.52756,1.47439,True,1857.6,0.0,0.4541,Station d'épuration,2570.42,793.42,43.82,0.3922,0.3248,0.3904,0.4614
T2,Toulouse,43.53219,1.46332,True,1303.8,47.5,0.4724,,1810.44,47.72,33.19,0.2132,0.0997,0.126,0.414
T5,Toulouse,43.5678,1.50937,True,3517.7,83.5,0.4936,Station d'épuration,4882.01,83.87,47.45,0.426,0.154,0.8464,0.2778
T6,Toulouse,43.56755,1.51974,True,3879.1,130.6,0.4814,Station d'épuration,5378.51,434.96,46.19,0.3573,0.1502,0.5056,0.4162
T7,Toulouse,43.57873,1.53609,True,3032.4,17.9,0.2723,Station d'épuration de Flourens,4199.21,1929.66,29.4,0.1687,0.0758,0.2074,0.2231
T8,Toulouse,43.58553,1.52861,True,3100.7,299.4,0.2849,Station d'épuration de Flourens,4286.25,1876.54,35.33,0.1554,0.025,0.1995,0.2415
T9,Toulouse,43.52152,1.34273,True,2263.3,972.7,0.6951,Station d'épuration de Cugnaux,3130.14,488.02,77.49,0.1283,0.025,0.1039,0.2561
T15,Toulouse,43.5713,1.38535,False,3505.2,1837.8,0.7633,Eau de Toulouse - Site de Tournefeuille,,,,,,,
T10,Toulouse,43.5322,1.32265,True,3503.3,11.0,0.5482,Station d'épuration de Cugnaux,4836.49,11.04,47.85,0.2348,0.0497,0.0193,0.6355
T12,Toulouse,43.54003,1.34077,True,2189.5,785.2,0.6509,Station d'épuration de Cugnaux,3025.1,3264.09,81.11,0.2646,0.0495,0.0918,0.6525
T13,Toulouse,43.5353,1.37785,True,584.3,294.9,0.444,Station d'épuration de Cugnaux,807.03,511.66,35.95,0.3443,0.1243,0.3044,0.6042
T14,Toulouse,43.53855,1.42074,True,820.7,5.8,0.4895,Usine Municipale des Eaux de Clairfont,1136.04,483.73,37.0,0.46,0.2763,0.5787,0.525
T17,Toulouse,43.5786,1.35861,True,1456.4,128.8,0.6334,Eau de Toulouse - Site de Tournefeuille,2012.68,1426.96,54.45,0.5282,0.2525,0.9979,0.3341
T18,Toulouse,43.57882,1.35262,True,1042.8,449.6,0.6398,Eau de Toulouse - Site de Tournefeuille,1442.7,1635.29,55.1,0.3372,0.2995,0.3628,0.3494
T19,Toulouse,43.58253,1.35047,True,1162.7,309.0,0.6701,Eau de Toulouse - Site de Tournefeuille,1610.21,2079.33,68.02,0.1453,0.0248,0.1091,0.3021
T20,Toulouse,43.5828,1.3493,True,1118.1,382.6,0.6767,Eau de Toulouse - Site de Tournefeuille,1549.26,2152.31,69.79,0.44,0.3798,0.431,0.5091
T4,Toulouse,43.56499,1.49464,True,2941.0,959.2,0.4936,Station d'épuration,4085.24,961.25,50.22,0.256,0.1242,0.5135,0.1303
T11,Toulouse,43.52992,1.32597,True,3251.3,92.1,0.6413,Station d'épuration de Cugnaux,4488.74,92.41,60.24,0.4367,0.4285,0.5475,0.334
T25,Toulouse,43.64862,1.51501,True,387.2,225.4,0.5067,Station d'Épuration de Saint-Jean,534.58,1482.06,57.8,0.3463,0.1266,0.4027,0.5096
T16,Toulouse,43.57895,1.35929,True,1522.1,63.5,0.637,Eau de Toulouse - Site de Tournefeuille,2103.5,1452.67,55.25,0.2146,0.0248,0.3325,0.2866
T22,Toulouse,43.59608,1.36657,True,3141.6,1423.5,0.7234,Eau de Toulouse - Site de Tournefeuille,4352.86,1815.48,65.9,0.3556,0.1988,0.3252,0.5428
BN1,Benevento,41.13231,14.80039,True,2693.5,1523.0,0.24,Depuratore consortile Zona Industriale Ponte Valentino,3583.11,1525.81,28.67,0.3091,0.2054,0.2427,0.4792
BN2,Benevento,41.12679,14.80333,True,2858.7,1580.0,0.2063,Impianto di depurazione Sanav,3804.69,1581.99,27.6,0.7266,0.6456,0.5343,1.0
BN3,Benevento,41.13348,14.78614,True,3714.6,538.8,0.3842,Depuratore consortile Zona Industriale Ponte Valentino,4936.2,539.55,48.19,0.3553,0.3554,0.7104,0.0
BN4,Benevento,41.12414,14.74864,True,5040.1,1136.8,0.0797,Impianto di depurazione del comune di Castelpoto,6706.94,1138.37,5.08,0.3817,0.3065,0.4667,0.3717
BN5,Benevento,41.10429,14.74295,True,6245.7,2460.1,0.0219,Impianto di depurazione del comune di Castelpoto,8663.14,2651.28,3.0,0.2269,0.0758,0.2193,0.3856
BN6,Benevento,41.14775,14.78437,True,3642.4,619.7,0.1383,Depuratore consortile Zona Industriale Ponte Valentino,4836.43,620.44,9.73,0.342,0.2056,0.4619,0.3583
BN7,Benevento,41.14905,14.81407,True,1216.3,690.6,0.0936,Depuratore consortile Zona Industriale Ponte Valentino,1615.9,691.77,9.97,0.4343,0.4126,0.5393,0.3509
BN8,Benevento,41.15405,14.8345,True,1026.3,2089.9,0.106,Depuratore consortile Zona Industriale Ponte Valentino,1369.75,2314.67,15.35,0.4056,0.3383,0.477,0.4015
BN9,Benevento,41.11089,14.8325,True,3464.9,2297.5,0.0298,Impianto di depurazione Sanav,4630.9,2315.71,3.55,0.3491,0.2515,0.4117,0.384
BN10,Benevento,41.14607,14.76353,True,5379.3,269.4,0.1183,Depuratore consortile Zona Industriale Ponte Valentino,7142.45,269.81,13.08,0.6243,0.762,0.8423,0.2686
BN11,Benevento,41.16124,14.75972,True,5206.9,850.1,0.0264,Impianto di depurazione del comune di Castelpoto,6916.2,851.02,1.25,0.108,0.0754,0.2158,0.0329
BN12,Benevento,41.13628,14.73193,True,3137.4,1189.7,0.0155,Impianto di depurazione del comune di Castelpoto,4172.6,1194.41,1.29,0.0895,0.0748,0.1445,0.0491
BN13,Benevento,41.11727,14.73683,True,4803.1,1403.4,0.0203,Impianto di depurazione del comune di Castelpoto,6401.57,1405.36,0.67,0.234,0.1003,0.3295,0.2723
BN14,Benevento,41.06014,14.70843,True,9675.9,13.1,0.0493,Depuratore comunale,12918.15,13.18,7.1,0.1676,0.1101,0.2119,0.181
BN15,Benevento,41.06921,14.70959,True,8773.8,569.1,0.0349,Depuratore comunale,11712.06,571.35,3.68,0.3715,0.3487,0.3778,0.3881
BN16,Benevento,41.06923,14.70876,True,8745.5,583.7,0.035,Depuratore comunale,11674.7,585.91,3.72,0.2203,0.1258,0.4229,0.1122
BN17,Benevento,41.13221,14.7127,True,2268.7,467.8,0.0297,Impianto di depurazione del comune di Castelpoto,3027.62,469.52,3.44,0.3801,0.4909,0.6187,0.0307
BN18,Benevento,41.15126,14.70936,True,848.0,25.6,0.0399,Impianto di depurazione del comune di Castelpoto,1126.08,25.66,4.85,0.4021,0.3149,0.4429,0.4485
BN19,Benevento,41.185791,14.719005,True,3915.1,373.0,0.0535,Depuratore Acque Reflue,5223.65,373.79,0.35,0.2408,0.2572,0.3391,0.1262
BN20,Benevento,41.213825,14.68999,True,37.7,303.7,0.0446,Depuratore Acque Reflue,50.12,303.93,8.22,0.4207,0.3881,0.5078,0.3661
O17,Oslo,59.9078,10.8128,True,14563.1,1653.5,0.4922,,29112.26,1663.79,48.8,0.4198,0.3364,0.4261,0.497
O1,Oslo,59.9561,10.7153,True,13811.5,77.4,0.5047,,27576.93,77.92,38.74,0.2579,0.0993,0.2919,0.3826
O2,Oslo,59.9514,10.6806,True,11840.6,1862.2,0.6626,,23645.55,1864.45,86.17,0.2414,0.0495,0.2932,0.3814
O3,Oslo,59.9475,10.7111,True,13220.3,1002.5,0.613,,26387.52,1009.79,56.09,0.2473,0.1248,0.3136,0.3035
O5,Oslo,59.9308,10.6769,True,10812.8,1555.1,0.5825,,21572.4,1566.38,65.16,0.2321,0.0248,0.385,0.2865
O4,Oslo,59.9308,10.6778,True,10861.0,1551.5,0.5855,,21668.56,1562.79,65.06,0.2665,0.0248,0.2344,0.5403
O6,Oslo,59.8628,10.8458,True,13512.0,1966.2,0.2376,,26959.25,1979.52,18.4,0.18,0.0752,0.1625,0.3025
O7,Oslo,59.8511,10.8164,True,11534.5,1056.3,0.4859,,23009.42,1061.26,49.85,0.278,0.0993,0.2728,0.462
O8,Oslo,59.8433,10.7847,True,9590.1,1578.8,0.3393,,19129.08,1589.94,39.31,0.3041,0.149,0.3018,0.4616
O9,Oslo,59.9425,10.7181,True,13396.2,1582.8,0.608,,26732.06,1593.92,51.16,0.1324,0.0,0.0,0.3972
O10,Oslo,59.9414,10.7097,True,12913.1,1681.3,0.6335,,25768.33,1693.45,62.84,0.2114,0.0249,0.3387,0.2706
O11,Oslo,59.9297,10.6594,True,9841.9,1790.7,0.5874,,19636.73,1800.34,69.71,0.3696,0.1734,0.3317,0.6038
O12,Oslo,59.9356,10.6736,True,10798.8,2104.5,0.6584,,21549.35,2119.51,69.37,0.3675,0.0997,0.3184,0.6845
O13,Oslo,59.945,10.6503,True,10011.9,1328.2,0.6563,,19994.8,3162.29,65.42,0.32,0.1242,0.295,0.5408
O14,Oslo,59.9392,10.8214,True,17397.9,1734.6,0.4266,,34814.1,1747.01,48.2,0.2469,0.0249,0.112,0.6038
O15,Oslo,59.9206,10.8006,True,15085.2,1384.8,0.5031,,30176.28,1387.31,48.72,0.2028,0.0495,0.1143,0.4447
O16,Oslo,59.9044,10.7944,True,13556.0,2070.8,0.4403,,27103.02,2078.69,46.56,0.4085,0.251,0.4781,0.4964
O18,Oslo,59.9219,10.8369,True,16609.1,607.2,0.4792,,33208.44,608.43,51.15,0.329,0.1488,0.4071,0.4311
O19,Oslo,59.9525,10.9017,True,19209.5,3027.1,0.417,Flateby Renseanlegg,43121.69,3659.25,40.78,0.2569,0.1739,0.3078,0.289
O20,Oslo,59.9432,10.6736,True,11103.6,2543.9,0.7392,,22165.9,2628.47,70.95,0.2978,0.1253,0.3354,0.4327
